{"train/loss_rpn_cls": 0.14447890389710666, "train/loss_rpn_bbox": 0.055454013496637346, "train/s0.loss_cls": 0.4203993245959282, "train/s0.acc": 90.7568359375, "train/s0.loss_bbox": 0.19945037923753262, "train/s1.loss_cls": 0.15529644526541234, "train/s1.acc": 93.5498046875, "train/s1.loss_bbox": 0.10811464302241802, "train/s2.loss_cls": 0.049277547374367715, "train/s2.acc": 96.513671875, "train/s2.loss_bbox": 0.026743673346936704, "train/loss": 1.1592149615287781, "train/grad_norm": 3.7027774691581725, "learning_rate": 0.01196804, "momentum": 0.9, "_timestamp": 1704851706.8272405, "_runtime": 88.09032535552979, "_step": 300, "_wandb": {"runtime": 92}}