{"train/loss_rpn_cls": 0.06228264141827822, "train/loss_rpn_bbox": 0.030049764551222324, "train/s0.loss_cls": 0.339726434648037, "train/s0.acc": 91.4306640625, "train/s0.loss_bbox": 0.12316416837275028, "train/s1.loss_cls": 0.15487615689635276, "train/s1.acc": 91.98500595092773, "train/s1.loss_bbox": 0.09660891219973564, "train/s2.loss_cls": 0.06876722946763039, "train/s2.acc": 92.79819107055664, "train/s2.loss_bbox": 0.0490840582177043, "train/loss": 0.9245593309402466, "train/grad_norm": 2.4527414560317995, "learning_rate": 0.02, "momentum": 0.9, "_timestamp": 1704852580.448054, "_runtime": 794.2996861934662, "_step": 2742, "_wandb": {"runtime": 3445}}