{"train/loss_rpn_cls": 0.01623994142282754, "train/loss_rpn_bbox": 0.009485648409463466, "train/s0.loss_cls": 0.11847895495593548, "train/s0.acc": 96.259765625, "train/s0.loss_bbox": 0.05860393377952278, "train/s1.loss_cls": 0.052638640813529494, "train/s1.acc": 96.79740829467774, "train/s1.loss_bbox": 0.04860279369167984, "train/s2.loss_cls": 0.02560921311378479, "train/s2.acc": 97.10040054321288, "train/s2.loss_bbox": 0.02835405608639121, "train/loss": 0.3580131769180298, "train/grad_norm": 1.8422312259674072, "learning_rate": 0.002, "momentum": 0.9, "_timestamp": 1704861813.9462943, "_runtime": 3478.340014219284, "_step": 12209, "_wandb": {"runtime": 3474}}